age,gender,income,education,employment_years,credit_score,loan_amount,approved
44,Male,23830,High School,1,550,27330,Yes
44,Female,30838,Bachelor's,13,581,23966,No
37,Female,33039,Bachelor's,5,577,60677,No
28,Female,59137,Bachelor's,9,670,103404,Yes
38,Male,64847,Master's,7,775,74794,No
30,Male,75944,Bachelor's,10,810,41224,No
48,Male,46718,Bachelor's,8,700,89992,No
36,Female,49047,Bachelor's,1,691,25475,No
28,Female,61754,Bachelor's,12,545,104752,No
34,Female,91518,Master's,5,634,196712,No
42,Male,98717,Master's,0,620,122806,Yes
31,Female,36080,High School,5,615,32452,Yes
28,Female,35018,High School,15,644,59470,No
40,Male,35412,High School,12,625,66897,Yes
40,Male,59285,Bachelor's,6,533,84714,No
32,Male,28825,High School,6,702,61799,No
32,Male,44341,Bachelor's,6,588,26065,No
40,Female,47288,Bachelor's,18,674,64224,No
22,Male,50407,Bachelor's,9,794,86769,Yes
22,Male,66126,Master's,10,603,130036,Yes
30,Female,33131,High School,13,490,26661,No
35,Male,37502,High School,9,637,69753,Yes
41,Male,73145,Master's,6,736,105299,Yes
54,Male,65829,Bachelor's,7,790,77292,Yes
47,Male,41313,Bachelor's,7,577,29907,No
36,Female,45507,Bachelor's,7,690,89694,No
37,Male,27871,High School,11,623,21387,Yes
26,Male,47809,Master's,8,651,49082,No
37,Female,64448,Master's,11,834,64001,Yes
34,Male,50860,Bachelor's,7,561,100774,Yes
41,Female,37837,High School,8,672,62188,No
28,Male,57904,Bachelor's,0,691,107374,No
43,Male,42413,Bachelor's,12,728,39265,No
54,Female,39799,High School,9,663,62177,Yes
36,Female,81344,Master's,12,687,119735,No
42,Female,32472,High School,0,629,62210,No
45,Male,91127,PhD,18,687,185930,Yes
33,Male,43019,Bachelor's,7,635,22398,No
40,Female,26976,High School,13,694,44398,No
38,Male,62190,Bachelor's,2,638,36575,No
39,Male,96424,Master's,11,695,138181,Yes
29,Male,92000,Master's,2,667,90985,No
38,Male,65664,Master's,4,736,67077,No
43,Female,36840,Bachelor's,17,652,40525,No
53,Male,53318,Bachelor's,7,544,82973,No
48,Female,42601,Master's,9,739,45492,Yes
61,Male,33861,High School,12,596,59107,Yes
29,Female,45938,Bachelor's,10,615,54560,No
47,Female,26435,High School,8,614,16289,No
40,Male,67730,PhD,9,753,124107,No
62,Female,95232,PhD,20,531,93878,No
29,Female,26051,High School,7,850,32191,Yes
28,Female,50357,Master's,9,728,83857,Yes
31,Female,28295,Master's,13,668,30139,No
21,Female,28961,High School,13,650,17266,No
32,Female,63908,Bachelor's,13,681,72578,No
29,Male,93529,Master's,11,704,196931,No
39,Male,29367,High School,2,696,46721,No
41,Male,46363,Bachelor's,16,694,76105,Yes
58,Male,56387,Bachelor's,2,666,88802,Yes
48,Male,59060,Master's,9,648,49509,Yes
31,Male,100160,PhD,4,662,121310,No
28,Female,99549,PhD,7,659,176858,No
43,Male,63484,Bachelor's,9,736,42682,Yes
23,Male,70702,Master's,9,703,68747,No
58,Female,62880,Master's,10,471,60977,Yes
50,Male,43782,Bachelor's,16,700,54045,Yes
32,Female,54803,Master's,10,673,118737,No
21,Male,30695,High School,6,653,18869,No
52,Female,50758,Bachelor's,12,634,70136,No
36,Female,34382,High School,13,728,27674,Yes
51,Male,27373,High School,1,715,58856,Yes
21,Male,40597,High School,10,606,28118,No
31,Female,44782,Bachelor's,11,684,53116,No
38,Female,47120,Bachelor's,6,595,82667,Yes
38,Female,55836,Master's,14,571,94795,No
33,Female,15156,High School,7,609,18469,No
44,Male,60274,Bachelor's,8,718,65643,No
26,Male,58896,Bachelor's,7,723,69258,No
36,Male,68353,Master's,8,697,64885,Yes
39,Female,47947,Bachelor's,2,706,40710,Yes
43,Female,52149,Bachelor's,0,693,68897,No
45,Male,51749,Master's,15,618,49498,No
25,Male,47048,Bachelor's,3,686,46515,No
21,Male,36574,High School,3,708,59121,No
52,Male,24775,High School,0,702,53179,No
41,Female,69324,Master's,4,741,105801,No
29,Female,21306,High School,1,698,13441,No
55,Female,71564,Master's,16,687,44977,No
39,Male,51666,Bachelor's,13,729,109398,Yes
50,Male,51067,Master's,4,657,51342,Yes
38,Female,80615,Master's,19,609,52924,No
60,Female,73888,PhD,12,654,112189,Yes
57,Female,39736,Bachelor's,6,608,61996,No
35,Female,68119,Master's,0,620,109157,No
48,Male,62751,Bachelor's,19,653,59901,Yes
45,Female,37811,Bachelor's,1,604,19876,No
53,Male,52577,Bachelor's,0,640,112542,Yes
27,Male,77557,Master's,13,543,71857,Yes
45,Male,106852,PhD,20,687,176225,Yes
49,Male,74286,Master's,14,665,126380,Yes
21,Female,43884,Bachelor's,10,604,67450,No
24,Male,44253,Bachelor's,10,700,45666,No
21,Male,73116,Master's,12,726,70254,No
35,Female,22944,High School,11,548,34783,No
45,Male,15173,High School,9,601,29926,Yes
54,Male,56086,Bachelor's,8,610,118310,No
38,Female,55780,Bachelor's,7,599,37932,No
55,Male,29882,Bachelor's,4,708,22806,Yes
22,Male,26183,High School,6,640,55142,No
21,Male,35566,High School,0,638,62315,Yes
37,Male,43851,High School,7,527,87749,No
42,Female,86805,PhD,3,709,73304,No
37,Female,40505,Bachelor's,2,576,60712,Yes
21,Female,45608,Bachelor's,8,662,77165,No
37,Female,60188,Bachelor's,14,679,99682,No
23,Female,25399,High School,12,741,30322,No
45,Male,81333,PhD,0,582,42795,No
42,Female,59263,Master's,3,465,88359,No
27,Female,23628,High School,12,664,21980,Yes
32,Female,48468,Bachelor's,3,776,61332,Yes
26,Female,86575,Master's,6,749,184221,Yes
37,Male,100524,PhD,10,685,118453,No
48,Male,49637,Bachelor's,3,627,95683,No
27,Male,49268,Bachelor's,8,711,40425,No
43,Male,22996,High School,1,589,37786,No
32,Female,101551,PhD,4,703,219442,Yes
29,Female,28671,High School,9,686,19301,No
36,Male,91913,PhD,0,738,47256,Yes
26,Male,81887,Bachelor's,10,846,101301,Yes
31,Male,54796,Bachelor's,7,686,36026,Yes
24,Male,44963,Bachelor's,10,625,79685,Yes
59,Male,29544,High School,9,652,60705,Yes
38,Male,38615,High School,14,541,47799,Yes
30,Female,29772,High School,8,609,27980,Yes
40,Male,23715,High School,5,626,29370,Yes
36,Male,83913,Master's,8,633,145157,No
35,Female,41066,Bachelor's,10,667,21165,No
44,Male,42790,High School,8,604,64273,No
46,Female,104918,PhD,8,745,161846,Yes
32,Female,59722,Master's,4,661,94603,Yes
31,Male,88601,Master's,4,668,80754,No
34,Male,96160,PhD,0,649,164807,Yes
21,Male,36911,High School,16,666,24190,Yes
21,Male,56537,Bachelor's,1,714,47420,Yes
53,Male,61031,Master's,4,605,121555,Yes
56,Female,41296,Bachelor's,4,614,72508,No
35,Male,37932,High School,12,636,19852,Yes
44,Male,67661,Master's,6,576,62399,No
41,Male,29674,High School,14,601,25652,Yes
70,Female,23618,High School,4,621,22682,Yes
50,Male,55964,Bachelor's,9,717,51534,No
36,Male,71305,Bachelor's,3,681,43231,Yes
27,Male,42007,Bachelor's,18,669,53777,Yes
21,Female,29259,High School,2,709,51075,No
40,Male,90302,Master's,9,660,138292,Yes
29,Female,28661,High School,11,679,47115,Yes
22,Female,31725,High School,10,648,20239,No
30,Male,58231,Master's,7,678,123306,Yes
26,Female,93774,PhD,7,632,180555,No
56,Male,69574,Master's,8,505,130009,No
47,Female,78295,Master's,7,657,148687,Yes
37,Female,58433,Bachelor's,12,753,121868,No
54,Female,71558,Bachelor's,19,724,101986,Yes
38,Male,35338,High School,5,718,29700,Yes
28,Female,50369,Bachelor's,1,739,77998,No
54,Male,53819,Bachelor's,7,666,94877,Yes
43,Male,29965,High School,20,667,52572,Yes
26,Male,76386,Master's,3,625,105906,Yes
35,Female,44555,Bachelor's,16,637,27462,No
28,Female,30090,High School,16,694,34028,Yes
22,Male,39589,High School,5,735,81763,No
48,Male,42578,Bachelor's,10,648,63592,Yes
59,Male,38565,High School,16,627,54575,Yes
22,Female,82589,Master's,6,667,79041,No
44,Male,50894,Bachelor's,6,698,57325,No
30,Female,27459,Bachelor's,5,559,55524,No
32,Male,46310,Bachelor's,2,509,75623,No
31,Female,82329,Master's,4,631,151366,No
28,Male,51785,Bachelor's,1,580,65890,No
38,Male,42646,Bachelor's,8,624,67014,Yes
28,Male,47275,Bachelor's,4,649,43599,No
40,Female,33961,High School,9,625,57709,No
37,Female,72605,Master's,0,759,89080,No
35,Male,68903,Master's,9,685,86289,No
28,Female,43886,Bachelor's,12,677,70386,Yes
31,Female,60442,Master's,0,702,126425,Yes
46,Female,53565,Master's,9,586,32610,No
43,Female,86455,Master's,14,736,164442,No
27,Male,67822,Master's,1,658,67622,Yes
39,Male,63392,Bachelor's,16,706,79535,Yes
46,Female,61559,Bachelor's,10,592,33072,No
21,Female,56664,Bachelor's,4,560,57331,No
43,Female,59926,Master's,7,715,81168,No
30,Male,34325,High School,10,679,20440,Yes
44,Male,71686,Master's,8,606,95690,Yes
29,Female,53808,Master's,10,603,111710,No
21,Female,30988,High School,3,727,21046,No
21,Female,50239,Master's,8,582,90407,Yes
38,Female,35961,High School,0,762,43025,Yes
40,Female,42971,Bachelor's,7,599,69346,No
28,Male,74607,Master's,3,707,70309,Yes
45,Male,33631,High School,4,633,25934,No
21,Female,62164,Master's,14,701,48039,No
37,Female,73123,Master's,13,629,45324,No
24,Male,47554,Bachelor's,11,648,38785,No
30,Male,37018,High School,2,658,60308,Yes
38,Female,34721,Bachelor's,6,590,69402,No
28,Male,53182,Bachelor's,14,708,100195,Yes
33,Male,128155,PhD,8,645,213343,No
49,Female,37956,Bachelor's,19,641,26103,Yes
31,Female,25216,High School,9,588,25004,No
47,Female,52130,Bachelor's,8,493,53520,No
25,Male,53680,Bachelor's,6,647,49650,Yes
43,Female,70064,Master's,8,821,96373,Yes
53,Male,34817,High School,7,706,49107,Yes
21,Male,80225,Master's,11,665,88785,No
29,Female,57706,Bachelor's,12,644,63559,Yes
44,Female,93457,PhD,4,671,178366,No
35,Female,45061,Bachelor's,1,693,82993,No
42,Female,53615,Bachelor's,0,583,54861,No
31,Female,90142,Master's,10,741,185101,Yes
38,Male,31236,High School,2,701,66213,Yes
36,Male,59370,Master's,0,708,62662,No
50,Male,62362,Bachelor's,9,690,68755,Yes
40,Male,31306,High School,20,655,42562,Yes
41,Female,26983,Bachelor's,7,697,56661,No
33,Male,82982,Master's,12,706,165112,No
32,Female,26036,High School,8,630,17557,No
33,Female,46472,Bachelor's,7,621,54262,Yes
42,Female,50427,Bachelor's,12,666,72651,No
33,Male,53783,Bachelor's,6,761,72893,Yes
41,Female,33206,High School,9,574,27546,Yes
60,Male,66356,Master's,9,568,130056,No
47,Male,103774,PhD,4,683,171310,Yes
34,Female,82011,PhD,12,670,157825,Yes
51,Male,81574,Master's,7,678,159876,Yes
33,Male,35544,High School,4,671,62991,No
21,Female,53396,Master's,10,645,66566,No
26,Male,38255,High School,3,753,58833,No
21,Female,26032,High School,8,549,20112,No
34,Female,54883,Bachelor's,7,606,90293,Yes
38,Female,50757,Bachelor's,13,652,40845,No
56,Male,95822,Master's,10,564,160953,Yes
41,Male,49908,Bachelor's,7,647,44433,Yes
35,Female,44050,Bachelor's,12,765,30827,Yes
47,Male,31888,High School,14,656,24904,No
21,Female,81265,PhD,10,682,40907,Yes
40,Female,54807,Bachelor's,8,578,94369,No
46,Female,32191,Bachelor's,1,614,56175,Yes
21,Male,25930,High School,2,628,35663,Yes
50,Male,58161,Master's,6,640,45035,No
41,Female,56214,Bachelor's,4,744,36091,No
33,Male,41853,High School,7,693,22287,Yes
44,Male,31398,High School,8,582,24546,No
62,Female,45739,Bachelor's,10,674,92139,Yes
40,Female,47975,Bachelor's,7,691,43686,No
40,Female,35812,High School,10,729,39474,No
32,Female,70592,PhD,8,767,47938,No
28,Male,33373,High School,0,589,29301,No
47,Female,56447,Bachelor's,3,608,78048,No
28,Female,95018,PhD,7,588,145679,No
38,Male,53774,Bachelor's,1,645,49316,No
32,Male,61369,Bachelor's,10,692,36707,Yes
43,Female,22017,Bachelor's,15,716,25644,Yes
41,Female,33024,High School,14,650,29660,Yes
49,Female,75265,PhD,6,644,65724,Yes
32,Female,30185,Bachelor's,15,664,64347,No
35,Male,78625,Master's,8,612,121688,No
27,Male,39912,High School,6,792,57740,No
33,Female,28328,High School,4,549,34186,No
42,Female,34608,High School,6,667,42540,No
46,Female,62410,Bachelor's,6,794,88593,Yes
27,Female,59627,Bachelor's,8,662,100407,Yes
47,Male,93253,Master's,8,657,157937,Yes
52,Male,58946,Bachelor's,8,638,46678,Yes
42,Female,87739,PhD,10,657,118464,No
58,Female,19892,High School,13,741,23876,Yes
29,Female,62331,Master's,12,518,123408,Yes
24,Female,54591,Master's,0,760,85894,No
21,Female,93655,Master's,0,577,131609,Yes
54,Male,69720,Master's,12,646,48537,Yes
45,Male,73596,Master's,1,637,112571,No
37,Male,57161,Bachelor's,6,699,39969,Yes
41,Female,29371,High School,2,550,31522,No
25,Male,41763,High School,0,687,31022,Yes
64,Male,63930,Master's,10,794,107180,Yes
39,Female,49141,Bachelor's,11,570,41800,No
39,Male,62377,Master's,5,674,72741,No
45,Female,34964,Bachelor's,0,612,70719,No
43,Male,28476,High School,5,681,24128,No
40,Male,31786,High School,9,656,43332,Yes
29,Female,43301,Bachelor's,0,616,52513,No
43,Male,45518,Bachelor's,8,689,24161,Yes
58,Male,23899,High School,7,770,44157,No
52,Female,46542,Bachelor's,10,646,28734,No
55,Female,20452,High School,8,698,26715,No
32,Male,59114,Bachelor's,3,577,85901,Yes
27,Female,29594,High School,13,592,46413,Yes
36,Male,53110,Master's,7,690,88729,Yes
38,Male,49105,Bachelor's,7,755,45695,No
50,Female,40279,Bachelor's,3,680,20822,No
21,Female,30958,High School,5,634,53552,No
54,Female,36840,High School,3,656,51967,Yes
36,Female,29768,Bachelor's,7,573,57196,No
33,Female,48396,Bachelor's,16,698,91776,Yes
26,Male,50501,Bachelor's,1,716,97651,No
21,Male,58283,Bachelor's,0,632,77205,No
47,Female,49315,Bachelor's,15,628,52627,No
38,Male,62254,Master's,6,679,114899,Yes
23,Male,67865,Master's,4,635,85998,No
23,Male,27414,High School,13,649,22256,No
34,Male,62071,Bachelor's,4,798,121252,Yes
56,Female,29242,High School,17,638,58494,No
35,Female,40070,High School,11,633,51799,No
21,Female,85412,PhD,5,626,53697,No
35,Male,27919,High School,18,702,32366,No
35,Male,37831,Bachelor's,4,644,70593,Yes
21,Male,35122,Bachelor's,11,613,71403,Yes
37,Male,51469,Master's,9,745,43537,No
35,Female,49820,Bachelor's,14,751,30582,Yes
45,Female,32050,High School,15,615,63827,No
58,Female,32520,Bachelor's,8,533,37787,No
50,Male,60377,Bachelor's,4,727,85795,No
35,Female,26337,High School,10,608,56511,No
25,Female,48693,Bachelor's,4,710,29856,Yes
66,Female,38406,High School,18,528,61531,No
38,Female,34285,High School,8,713,21461,Yes
38,Male,49486,Bachelor's,6,580,56329,No
37,Male,26866,High School,8,701,50144,Yes
40,Male,31859,Bachelor's,1,655,39406,Yes
36,Female,40588,Bachelor's,3,595,89099,No
31,Male,69263,Master's,14,637,100459,No
31,Male,26313,High School,4,698,27522,Yes
37,Male,31243,High School,2,661,27312,Yes
32,Male,32442,High School,10,692,35552,No
30,Female,45215,Bachelor's,13,786,51242,Yes
39,Female,57095,Master's,11,559,35216,Yes
35,Male,32971,High School,12,760,37200,Yes
54,Male,77727,Master's,4,673,100206,No
21,Male,25719,High School,0,594,44459,Yes
50,Male,65206,Bachelor's,15,576,105401,No
51,Male,70722,Master's,6,652,120574,Yes
21,Male,72244,Master's,6,724,37149,Yes
34,Male,81178,Master's,14,658,70627,Yes
33,Female,68542,Master's,10,762,111371,Yes
22,Female,56241,Bachelor's,10,566,74394,No
29,Male,75721,Master's,18,665,38544,No
25,Male,28472,High School,4,572,53175,No
57,Female,70205,Master's,12,688,127336,No
48,Male,41294,Bachelor's,8,714,59145,No
51,Female,66926,Master's,9,636,41024,No
45,Female,47008,Bachelor's,15,489,84758,No
25,Male,50052,Bachelor's,10,672,74693,Yes
32,Male,50796,Bachelor's,10,687,92922,Yes
43,Female,41131,Master's,13,683,73129,Yes
24,Male,28839,High School,6,734,53787,No
45,Female,29654,High School,3,584,40940,No
35,Female,30040,High School,2,698,22186,No
33,Female,23200,High School,0,730,38070,No
45,Male,88403,Master's,18,553,137449,No
42,Female,24130,High School,2,673,42512,No
34,Male,111577,PhD,6,642,88011,Yes
50,Female,51318,Bachelor's,6,654,42668,No
26,Female,25397,High School,9,675,51141,Yes
44,Male,95008,Master's,12,638,168635,Yes
44,Female,36147,Bachelor's,12,612,73884,Yes
34,Female,55923,Bachelor's,5,663,100091,No
41,Male,61365,Bachelor's,7,591,92978,Yes
24,Male,63308,Master's,9,592,102054,No
48,Male,40020,High School,6,701,80500,Yes
35,Male,90724,PhD,16,594,134631,No
32,Male,99936,PhD,10,715,157405,Yes
49,Female,49756,Bachelor's,11,689,38113,Yes
30,Male,31226,High School,11,542,40770,No
22,Male,59589,Bachelor's,13,617,102366,Yes
21,Female,33690,High School,8,732,32362,No
44,Male,21928,High School,1,588,18503,No
23,Female,36632,High School,9,625,37859,Yes
57,Male,36439,Bachelor's,4,686,33179,Yes
21,Male,85381,Master's,5,719,73884,Yes
56,Female,80122,Master's,10,650,97928,No
40,Female,51381,Master's,14,620,104988,No
36,Female,43474,Bachelor's,8,750,59211,No
32,Female,36970,Bachelor's,9,769,30295,No
42,Female,45308,Bachelor's,16,721,28582,No
37,Male,89732,PhD,9,674,151060,No
50,Male,36490,High School,21,603,41991,No
39,Female,82501,Master's,10,613,156513,No
39,Female,60383,Bachelor's,0,695,97891,No
34,Female,42058,Bachelor's,11,684,77959,No
37,Male,69288,Master's,9,755,66676,Yes
41,Male,36243,Bachelor's,14,698,60779,Yes
21,Female,55075,Master's,11,562,52260,No
23,Male,84504,Master's,7,736,177155,No
46,Female,62441,Bachelor's,1,597,98771,Yes
39,Female,22010,High School,6,627,23147,No
35,Male,46454,Bachelor's,3,674,44510,Yes
38,Female,65177,Master's,5,792,53743,Yes
41,Female,30733,High School,10,850,51658,No
32,Male,44422,Bachelor's,16,697,38727,Yes
29,Female,51289,Bachelor's,9,647,77549,Yes
40,Male,65859,Master's,2,698,62558,No
27,Female,29036,High School,10,711,47193,No
42,Male,79079,Master's,13,645,149095,Yes
21,Female,65603,Master's,4,779,119570,No
49,Male,29486,High School,7,669,52881,No
43,Male,31368,High School,8,687,25694,Yes
40,Female,84938,PhD,4,711,55231,Yes
48,Male,29868,High School,11,681,50423,No
56,Male,68646,Master's,7,718,77308,Yes
49,Female,62283,Bachelor's,10,622,76918,No
21,Female,32350,High School,3,618,17888,No
23,Female,61690,Master's,5,590,58067,No
31,Female,53843,Bachelor's,11,688,30004,Yes
38,Male,48875,Bachelor's,6,709,97486,No
43,Male,62980,Bachelor's,16,692,57549,Yes
30,Male,55459,Bachelor's,6,769,80275,Yes
40,Female,28501,High School,9,653,16139,Yes
29,Female,51510,Bachelor's,12,703,84148,Yes
